title,seller,rating,reviews,price,seller_level,video_consultation
I will be your data science and statistics professional,Dror Rosen,4.9,46.0,370,Vetted Pro,True
I will prepare the financial statement for the company,Pradeep Khadka,5.0,34.0,47,Top Rated,True
I will build effective excel data analysis reports charts interactive dashboards,Assana G,5.0,13.0,139,Level 2,False
I will do python development machine learning and data science in jupyter notebook,Kashif,5.0,6.0,14,Level 2,True
I will provide expert excel dashboard chart macro and pivot table,Zahid Mumtaz,5.0,11.0,47,Level 2,False
I will any python programming tasks as fast as possible,Digitalizer,5.0,40.0,93,Level 2,True
I will do a professional econometric forecasting,Luka L.,5.0,1.0,139,Level 1,False
I will create custom power bi dashboard and deneb visuals,Ryan,4.9,7.0,47,Top Rated,True
I will make excel graphs charts pivot tables and complex dashboard,Babar,4.7,58.0,47,Level 1,False
I will provide all kind of support in excel vba power bi dashboard paginated report,Chhote Lal,4.4,16.0,10,Level 1,False
I will do data analysis using python sql excel or r studio,Talha Israr,5.0,34.0,28,Level 2,False
I will build automated and insightful power bi report,Power Bi Expert,4.8,63.0,47,Top Rated,False
I will do data analysis using tableau power bi python r studio sql or excel analyst,Mohsin,4.9,19.0,19,Level 1,False
I will do business analytics and customize business strategy,Parijat S,5.0,1.0,278,Level 1,False
I will do your data analytics projects plus make a report,Fredrick S,4.6,24.0,93,Level 1,False
I will be you data analyst and will do financial management,Najam,4.3,10.0,10,Level 2,False
I will analysis in excelgoogle sheet accountingreportingfinance,Ataullah,5.0,7.0,19,Unleveled,False
I will draw bpmn business process diagram,Ghosia M,5.0,55.0,10,Level 2,False
I will be your microsoft excel expert,Mudassar Sial,5.0,187.0,10,Level 1,False
I will offer the best data analysis using spss stata tableau anova r and rstudio,Prof. Dix,4.7,8.0,19,Unleveled,False
I will assist you in industrial engineering management tasks,Usama X Zaira,5.0,15.0,47,Unleveled,False
I will write python programs for data analysis,Shahzaib Raza,5.0,10.0,28,Level 1,False
I will provide expert excel API integration services to you,Zain A.,4.8,12.0,14,Unleveled,False
I will econometric and financial analysis with stata eviews r python,Onesmus M,5.0,2.0,56,Level 1,False
I will do excel data management and data analysis with dashboard,Rizwan M,4.8,2.0,47,Level 1,False
I will do time series analysis in gretl,Shahzaibsamo,4.4,3.0,10,Level 1,False
I will do r programming data analysis and visualization,Thanu Matheesha,5.0,33.0,14,Level 2,False
I will be your data analyst and will do financial analysis,Sohaib,4.8,17.0,14,Level 1,False
I will be your excel and google sheets expert,Riab J,5.0,49.0,28,Level 2,False
I will provide a real estate flip brrr wholesale calculator,Pete B,5.0,54.0,19,Level 2,False
I will help with process improvement project,Rahul Poriya,4.4,14.0,47,Level 1,False
I will do bookkeepingfinancial modeling through excel spreadsheet,Ataullah,4.3,12.0,5,Unleveled,False
I will do regression and time series analysis,Johannes M.,5.0,35.0,463,Level 2,False
I will do flask tensorflow nlp opencv and data science projects,Ansa Ali,5.0,3.0,10,Level 1,False
I will fix excel or google sheets functions formulas do budgeting and forecasting,Amir Mba,4.8,2.0,10,Level 1,False
I will design smart professional excel templates for your business,Abdallah,5.0,1.0,93,Vetted Pro,False
I will create data analysis portfolio project for you,Riya,4.9,7.0,70,Unleveled,False
I will be your spss sql tableau r studio python powerbi and excel expert,George Tochi,5.0,1.0,5,Level 1,False
I will do your statistical data analytics assignments in r,Kinza Noor,4.9,11.0,24,Level 1,False
I will do whatever you need in excel next 24 hours,Spriteup,5.0,46.0,14,Level 1,False
I will be your data science and statistics professional,Dror Rosen,4.9,46.0,370,Vetted Pro,True
I will prepare the financial statement for the company,Pradeep Khadka,5.0,34.0,47,Top Rated,True
I will do business analytics and customize business strategy,Parijat S,5.0,1.0,278,Level 1,False
I will be your professional actuary,Johannes M.,5.0,1.0,463,Vetted Pro,False
I will create bpmn model of your business process,Kalsoom,4.8,36.0,5,Level 1,False
I will do linear and logistic regression,Johannes M.,5.0,1.0,463,Vetted Pro,False
I will model your sports data,Johannes M.,Unranked Gig,No Reviewed,463,Vetted Pro,False
I will fix excel or google sheets functions formulas do budgeting and forecasting,Amir Mba,4.8,2.0,10,Level 1,False
I will prepare customized financial forecasting and modeling,Muhammad Faisal,4.9,40.0,24,Unleveled,False
I will transform your business with custom power bi and google data studio reports,Hannan Ranjha,5.0,15.0,14,Unleveled,False
I will build effective excel data analysis reports charts interactive dashboards,Assana G,5.0,13.0,139,Level 2,False
I will build automated and insightful power bi report,Power Bi Expert,4.8,63.0,47,Top Rated,False
I will do your data analytics projects plus make a report,Fredrick S,4.6,24.0,93,Level 1,False
I will provide expert excel dashboard chart macro and pivot table,Zahid Mumtaz,5.0,11.0,47,Level 2,False
I will do statistics data analysis and data visualization project,Albert O,5.0,4.0,47,Level 1,False
Our agency will analyse data using bigquery sql and make live dashboards,Statfinity,5.0,13.0,278,Level 2,False
I will do the bookkeeping and budgeting for non profits,Pradeep Khadka,5.0,18.0,47,Top Rated,True
I will build automated and insightful power bi report,Boja,4.7,85.0,162,Vetted Pro,True
I will write any power bi dax measure calculated column and quires,Power Bi Expert,5.0,201.0,56,Top Rated,False
I will help you code in r  python SAS,Hala Ibrahim,4.9,57.0,10,Level 2,False
I will do your excel spreadsheet project with excellence,Serhii K.,4.9,867.0,74,Level 1,False
I will do data analysis using tableau power bi python r studio sql or excel analyst,Mohsin,4.9,19.0,19,Level 1,False
I will do analysis of your data in r python spss stata eviews amos or excel,Datapott A.,4.0,2.0,74,Level 1,False
I will do python development machine learning and data science in jupyter notebook,Kashif,5.0,6.0,14,Level 2,True
I will do excel data management and data analysis with dashboard,Rizwan M,4.8,2.0,47,Level 1,False
I will be your data analyst and will do financial management and accounting,Yahya Toor,5.0,164.0,47,Top Rated,True
I will fit advance regression with r code in r studio and python notebook markdown,Wadud Analyst,5.0,7.0,5,Unleveled,False
I will be your excel and power bi data analyst with remote support,Pablo C,5.0,7.0,33,Level 1,False
I will complete any quantitative qualitative or statistics related project,Michael R,5.0,8.0,93,Top Rated,False
I will model risk frequency and severity for your business,H.k,4.9,4.0,167,Level 1,False
I will do a report with looker studio,Diego Sansone,5.0,11.0,139,Unleveled,False
I will do economic analysis in micro macro managerial international,Precious Jane,5.0,3.0,28,Level 1,False
I will make excel graphs charts pivot tables and complex dashboard,Babar,4.7,58.0,47,Level 1,False
I will econometric and financial analysis with stata eviews r python,Onesmus M,5.0,2.0,56,Level 1,False
I will be expert in google sheets excel data and web analysis scripts and automation,Danish Azam,4.9,51.0,19,Unleveled,False
I will conduct a regression modeling and analysis,Luka L.,5.0,3.0,93,Level 1,False
I will provide an custom dashboard for options position tracker,Clark W,3.0,1.0,93,Level 1,False
I will provide consultancy custom power bi reports and dashboards,Benny L,4.8,9.0,10,Level 1,False
I will be your data analyst and will do financial analysis,Sohaib,4.8,17.0,14,Level 1,False
I will create custom power bi dashboard and deneb visuals,Ryan,4.9,7.0,47,Top Rated,True
I will do data analysis using python sql excel or r studio,Talha Israr,5.0,34.0,28,Level 2,False
I will be your excel and google sheets expert,Riab J,5.0,49.0,28,Level 2,False
I will prepare the financial statement for the company,Pradeep Khadka,5.0,34.0,47,Top Rated,True
I will be your data science and statistics professional,Dror Rosen,4.9,46.0,370,Vetted Pro,True
I will do python development machine learning and data science in jupyter notebook,Kashif,5.0,6.0,14,Level 2,True
I will do data analysis using tableau power bi python r studio sql or excel analyst,Mohsin,4.9,19.0,19,Level 1,False
I will do python machine learning regression and classification,Sayed Meer,4.7,11.0,56,Level 1,False
I will do time series regression and forecasting data analysis,Statcrafters,4.9,6.0,10,Level 1,False
I will evaluate cost of products or services to set selling prices,Samad Khan,5.0,9.0,33,Level 2,False
I will do cohort user retention churn ltv cac aov analysis,Ashik,4.7,17.0,37,Level 2,False
I will optimize your airbnb and vrbo pricing to maximize revenue,Brendan T,4.8,2.0,42,Level 1,False
I will provide financial model and financial feasibility study,Samad Khan,4.9,3.0,139,Level 2,False
I will econometric and financial analysis with stata eviews r python,Onesmus M,5.0,2.0,56,Level 1,False
I will build automated and insightful power bi report,Power Bi Expert,4.8,63.0,47,Top Rated,False
I will do eda data cleansing and visualization using python,Shakeel,5.0,1.0,10,Level 1,False
I will build effective excel data analysis reports charts interactive dashboards,Assana G,5.0,13.0,139,Level 2,False
I will do flask tensorflow nlp opencv and data science projects,Ansa Ali,5.0,3.0,10,Level 1,False
I will do cohort analysis retention churn ltv roas cac,Zakir Hossain,4.9,17.0,37,Level 1,False
I will be your best business data analyst marketing analyst for long term job,Eephomaa,4.8,3.0,370,Unleveled,False
I will tutor you to become a data analyst business analyst and a financial analyst,Eephomaa,5.0,1.0,278,Unleveled,False
I will help with advanced excel formulas for excel data analysis,Osama Iqbal,5.0,8.0,47,Level 2,True
I will do a data analysis project portfolio and a good report,Isaiah A,4.9,5.0,24,Level 1,False
I will do data analysis using microsoft excel and google sheets,Limon,5.0,2.0,42,Level 2,False
I will calculate price cost and profit of products or services,Samad Khan,4.8,3.0,33,Level 2,False
I will do data science and ml projects in python,Faizan S,4.7,16.0,10,Level 2,False
I will be your data analyst and will do financial analysis,Sohaib,4.8,17.0,14,Level 1,False
I will do macros vba code formula powerful data analysis in excel and google sheets,Semab.k,4.3,7.0,19,Level 1,False
I will do your statistical data analytics assignments in r,Kinza Noor,4.9,11.0,24,Level 1,False
I will fix excel or google sheets functions formulas do budgeting and forecasting,Amir Mba,4.8,2.0,10,Level 1,False
I will create the profit and loss and balance sheet reports for your business,Actprofessional,5.0,11.0,14,Level 1,False
I will create custom excel dashboards data analysis reports solver,Analysisk,5.0,23.0,33,Level 2,False
I will do excel data management and data analysis with dashboard,Rizwan M,4.8,2.0,47,Level 1,False
I will perform cost benefit business and ratio analysis,Muhammad Hamza,4.9,3.0,10,Unleveled,False
I will do economic analysis in micro macro managerial international,Precious Jane,5.0,3.0,28,Level 1,False
I will provide ms excel financial projections forecast budget,Md Al Amin,4.8,3.0,28,Unleveled,False
I will do business data analysis with visualizations in excel,Masood,5.0,7.0,5,Unleveled,False
I will build automated and insightful power bi report,Attaur R,4.9,6.0,28,Level 1,False
I will create custom power bi dashboard and deneb visuals,Ryan,4.9,7.0,47,Top Rated,True
I will be your excel and google sheets expert,Riab J,5.0,49.0,28,Level 2,False
I will create an interactive excel dashboard for you,Hannan Khan,5.0,4.0,14,Level 1,False
I will create email automation for PDF invoices in google sheets,Pedro,5.0,1.0,61,Level 2,False
I will your data analysis with python statistical data analysis,Alia A,5.0,2.0,14,Unleveled,False
I will do your project in r or r markdown,Simon Stats,5.0,5.0,19,Unleveled,False
I will convert google sheets workbook to excel spreadsheet,Ajit T,4.7,1.0,5,Level 1,False
I will excel data cleaning and formatting data analysis and visualization combine PDF,Karanjot Singh,5.0,2.0,14,Level 1,False
I will do excel google sheet template graph formula dashboard pivot table data cleaning,Bukhari,5.0,3.0,5,Level 1,False
I will do business analytics and customize business strategy,Parijat S,5.0,1.0,278,Level 1,False
I will prepare the financial statement for the company,Pradeep Khadka,5.0,34.0,47,Top Rated,True
I will be your data science and statistics professional,Dror Rosen,4.9,46.0,370,Vetted Pro,True
I will do python development machine learning and data science in jupyter notebook,Kashif,5.0,6.0,14,Level 2,True
I will do data analysis using tableau power bi python r studio sql or excel analyst,Mohsin,4.9,19.0,19,Level 1,False
I will do eda data wrangling and visualization in python,Babo,4.4,8.0,19,Level 2,False
I will analyze financial statements data in excel,Awais M,5.0,9.0,19,Level 1,False
I will get you the excel help you need to get your goals completed,Peterb,4.9,20.0,14,Unleveled,False
I will do macros vba code formula powerful data analysis in excel and google sheets,Semab.k,4.3,7.0,19,Level 1,False
I will handle system analysis and design for you,Ayesha Ameen,5.0,12.0,10,Level 2,False
I will do quickbook accounting forecast inventory cogs for amazon shopify seller,Mohammad Shahid,5.0,15.0,42,Level 2,False
I will provide template of price and cost breakup with profitability forecast,Samad Khan,4.8,12.0,33,Level 2,False
I will make professional power bi reports and dashboards,Analysisk,5.0,21.0,65,Level 2,False
I will excel data cleaning and formatting data analysis and visualization combine PDF,Karanjot Singh,5.0,2.0,14,Level 1,False
I will build automated and insightful power bi report,Power Bi Expert,4.8,63.0,47,Top Rated,False
I will do analysis of your data in r python spss stata eviews amos or excel,Datapott A.,4.0,2.0,74,Level 1,False
I will build effective excel data analysis reports charts interactive dashboards,Assana G,5.0,13.0,139,Level 2,False
I will do data analytics and spss analysis excellently,Victorvin.vn,5.0,3.0,10,Level 1,False
I will create customized financial analysis for investors,Samad Khan,5.0,3.0,61,Level 2,False
I will make your r and python problems mine,Dominik,5.0,11.0,5,Level 1,False
I will be your excel v lookuph lookupfuzzy lookup spreadsheet expert,Saddam Hussain,5.0,10.0,5,Level 1,False
I will do sas projects on sas studio,Rizwan A,3.5,2.0,14,Unleveled,False
I will create a financial report dashboard statement and analysis,A. Matin,5.0,2.0,5,Unleveled,False
I will do research data analysis with interpretation,Dr Asma,4.8,4.0,5,Unleveled,False
I will be your financial data analysis tutor,Vera Yang,5.0,4.0,14,Level 1,False
I will be your data analyst and will do financial analysis,Sohaib,4.8,17.0,14,Level 1,False
I will be your excel and google sheets expert,Riab J,5.0,49.0,28,Level 2,False
I will do your statistical data analytics assignments in r,Kinza Noor,4.9,11.0,24,Level 1,False
I will fix excel or google sheets functions formulas do budgeting and forecasting,Amir Mba,4.8,2.0,10,Level 1,False
I will create a loan amortization schedule for accurate repayment,Xashureli,5.0,17.0,93,Level 1,False
I will help you create a personal budget and a debt payoff plan,Krisztian T,4.7,13.0,14,Level 2,False
I will do whatever you need in excel next 24 hours,Spriteup,5.0,46.0,14,Level 1,False
I will do knime analysis using datasets,Tehreem-fakhar,4.0,1.0,28,Unleveled,False
I will create econometrics models using stata r python,Sintana R,5.0,9.0,5,Unleveled,False
I will deliver excel templates for small businesses editable excel templates,Basim,4.9,5.0,10,Level 1,False
I will be your data analyst and do business and sales analysis,Usama Datalyst,5.0,1.0,24,Unleveled,False
I will abstract commercial leases at a reasonable price with the quickest time,Ariful I. Ari,5.0,7.0,24,Level 2,False
I will do excel data management and data analysis with dashboard,Rizwan M,4.8,2.0,47,Level 1,False
I will econometric and financial analysis with stata eviews r python,Onesmus M,5.0,2.0,56,Level 1,False
I will do your data analytics projects plus make a report,Fredrick S,4.6,24.0,93,Level 1,False
I will do eda data cleansing and visualization using python,Shakeel,5.0,1.0,10,Level 1,False
I will do microeconomics macroeconomics and economics tasks,Joy B,Unranked Gig,No Reviewed,5,Unleveled,False
I will convert your financial data into chart and dashboard excel,Usama Jawad,4.3,10.0,28,Level 1,False
I will be your data analyst,Krassi Dimitrof,5.0,2.0,93,Vetted Pro,False
I will create automated excel income  expense tracker with dashboard,Emrullah A,4.5,2.0,5,Unleveled,False
I will be your data analyst and do financial management and accounting,Ridwan,Unranked Gig,No Reviewed,65,Level 2,True
I will do excel google sheet template graph formula dashboard pivot table data cleaning,Bukhari,5.0,3.0,5,Level 1,False
I will provide expert excel dashboard chart macro and pivot table,Zahid Mumtaz,5.0,11.0,47,Level 2,False
I will do business analytics and customize business strategy,Parijat S,5.0,1.0,278,Level 1,False
I will prepare the financial statement for the company,Pradeep Khadka,5.0,34.0,47,Top Rated,True
I will be your data science and statistics professional,Dror Rosen,4.9,46.0,370,Vetted Pro,True
I will do python development machine learning and data science in jupyter notebook,Kashif,5.0,6.0,14,Level 2,True
I will do data analysis using tableau power bi python r studio sql or excel analyst,Mohsin,4.9,19.0,19,Level 1,False
I will do statistical data analysis with excel IBM spss,Khadijazafar,5.0,3.0,28,Unleveled,False
I will help you with tasks related to data analysis,Laiba Shuaib,5.0,2.0,19,Unleveled,False
I will design customized pricing strategy pricing model or  pricing plan,Samad Khan,4.8,15.0,47,Level 2,False
I will do data analysis using econometric models and statistics,Ruben T,5.0,3.0,47,Unleveled,False
I will set up a monte carlo simulation trading system,Muurray,5.0,4.0,56,Unleveled,False
I will help in data science and machine learning projects,Aathil A,Unranked Gig,No Reviewed,14,Unleveled,False
I will perform advanced statistical data analysis using python and jupyter notebook,James,4.6,3.0,10,Unleveled,False
I will clean organize merge and format your excel and CSV data,Hanine,5.0,4.0,10,Unleveled,False
I will build automated and insightful power bi report,Attaur R,4.9,6.0,28,Level 1,False
I will build automated and insightful power bi report,Power Bi Expert,4.8,63.0,47,Top Rated,False
I will do flask tensorflow nlp opencv and data science projects,Ansa Ali,5.0,3.0,10,Level 1,False
I will build effective excel data analysis reports charts interactive dashboards,Assana G,5.0,13.0,139,Level 2,False
I will do data analysis and visualization using python and r,gastonalex,4.5,12.0,28,Unleveled,False
I will do menu engineering menu analysis of restaurant bars outlets food menus,Freelancer Inc,5.0,2.0,42,Level 1,False
I will do your sap assignment sap s4hana fiori sap gbi,Danielt,4.6,13.0,19,Level 1,False
I will send you a loan amortization table,Bryan,5.0,6.0,10,Unleveled,False
I will do python machine learning data science analysis  ai project,Sundeepoad,5.0,2.0,24,Level 2,False
I will do your statistical data analytics assignments in r,Kinza Noor,4.9,11.0,24,Level 1,False
I will do data analysis and visualization projects using python r and sql,Talha Nazir,4.1,3.0,10,Unleveled,False
I will be your data analyst and will do financial analysis,Sohaib,4.8,17.0,14,Level 1,False
I will convert google sheets workbook to excel spreadsheet,Ajit T,4.7,1.0,5,Level 1,False
I will fix excel or google sheets functions formulas do budgeting and forecasting,Amir Mba,4.8,2.0,10,Level 1,False
I will tutor you in statistics assignments task with data analysis spss and stata,Ayesha Hussain,5.0,5.0,28,Level 1,False
I will do excel google sheet template graph formula dashboard pivot table data cleaning,Bukhari,5.0,3.0,5,Level 1,False
I will anything with excel vba coding data analysis user forms,Vic R,5.0,3.0,10,Unleveled,False
I will do mathematic calculation and assignment problems,Gregory N,4.8,14.0,10,Level 1,False
I will do data analysis in python using pandas numpy and matplotlib,Umar Zafar,4.9,4.0,5,Unleveled,False
I will take you through a complete excel course from zero to hero,Terer K,5.0,1.0,19,Unleveled,False
I will build tibco spotfire dashboard,Bilal Waris,5.0,3.0,19,Level 2,False
I will do data entry listing mining management and analysis,Xee,5.0,11.0,5,Level 2,False
I will do excel data management and data analysis with dashboard,Rizwan M,4.8,2.0,47,Level 1,False
I will econometric and financial analysis with stata eviews r python,Onesmus M,5.0,2.0,56,Level 1,False
I will do your data analytics projects plus make a report,Fredrick S,4.6,24.0,93,Level 1,False
I will do data science projects with machine learning and deep learning in python or r,App Developer,5.0,2.0,88,Level 1,False
I will unlock actionable insights from your excel data,Dennis Nerush,5.0,1.0,24,Level 1,False
I will do r code in r studio notebook markdown for data analytics,Wadud Analyst,5.0,5.0,5,Unleveled,False
I will create easy to use spreadsheets for business or personal finance,Donato Rado,5.0,2.0,5,Unleveled,False
I will collect financial data from sp capital iq pro in excel and pdf format,Reda,4.9,8.0,19,Unleveled,False
I will make excel graphs charts pivot tables and complex dashboard,Babar,4.7,58.0,47,Level 1,False
I will convert your financial data into chart and dashboard excel,Usama Jawad,4.3,10.0,28,Level 1,False
I will do eda data cleansing and visualization using python,Shakeel,5.0,1.0,10,Level 1,False
I will prepare the financial statement for the company,Pradeep Khadka,5.0,34.0,47,Top Rated,True
I will be your data science and statistics professional,Dror Rosen,4.9,46.0,370,Vetted Pro,True
I will do python development machine learning and data science in jupyter notebook,Kashif,5.0,6.0,14,Level 2,True
I will do data analysis using tableau power bi python r studio sql or excel analyst,Mohsin,4.9,19.0,19,Level 1,False
I will 141 premium editable excel templates bundle,Dinar K,5.0,8.0,10,Unleveled,False
I will do excel data analysis reports pivot tables graphic charts,Mayte V,4.8,2.0,24,Unleveled,False
I will transform your data into insightful information with great visuals using excel,Yusuff A. O,4.9,16.0,24,Level 1,False
I will excel data cleaning and formatting data analysis and visualization combine PDF,Karanjot Singh,5.0,2.0,14,Level 1,False
I will do linear multivariate and logistics regression,Will S,4.8,5.0,5,Unleveled,False
I will be your data analyst and formula expert with visualization in excel and power bi,Omer Naeem Khan,4.6,13.0,10,Level 1,False
I will analyze data using python r excel and power bi,Habeeb Alabere,Unranked Gig,No Reviewed,19,Unleveled,False
I will be your data analyst  power bi and tableau developer,Hamza,5.0,5.0,28,Unleveled,False
I will do analysis of your data in r python spss stata eviews amos or excel,Datapott A.,4.0,2.0,74,Level 1,False
I will build automated and insightful power bi report,Power Bi Expert,4.8,63.0,47,Top Rated,False
I will do flask tensorflow nlp opencv and data science projects,Ansa Ali,5.0,3.0,10,Level 1,False
I will build effective excel data analysis reports charts interactive dashboards,Assana G,5.0,13.0,139,Level 2,False
I will provide 390 excel templates business personal tracker analysis calendar etc,Basim,4.9,13.0,10,Level 1,False
I will do data science projects with machine learning and deep learning in python or r,App Developer,5.0,2.0,88,Level 1,False
I will create input form inside the google sheets,Dragan R,5.0,3.0,10,Top Rated,True
I will do data analysis by ms excel,Ruben T,5.0,2.0,10,Unleveled,False
I will provide nlptext analysisclassificationmodelinganalyticsnluaiml services,Mobassir,5.0,1.0,61,Level 1,False
I will prepare a financial dashboard in excel,Faizan Shakeel,4.9,18.0,14,Level 2,True
I will provide data analytics services in excel,Datalime,5.0,3.0,10,Level 2,True
I will derive and price financial derivatives,Raf,5.0,6.0,14,Unleveled,False
I will be your data analyst and will do financial analysis,Sohaib,4.8,17.0,14,Level 1,False
I will be your spss sql tableau r studio python powerbi and excel expert,George Tochi,5.0,1.0,5,Level 1,False
I will do your statistical data analytics assignments in r,Kinza Noor,4.9,11.0,24,Level 1,False
I will fix excel or google sheets functions formulas do budgeting and forecasting,Amir Mba,4.8,2.0,10,Level 1,False
I will write sql query for data analysis,Faizan,5.0,1.0,19,Unleveled,False
I will be your alteryx expert,Ryan,5.0,3.0,10,Level 2,False
I will do strategy backtest optimization statistical analysis and insights,Ayman Fouda,3.5,2.0,176,Unleveled,False
I will do anything you need in a microsoft excel spreadsheets,Arman,5.0,1.0,5,Level 1,False
I will excel data needs with analysis automations and visuals,Pablo Jimeno,5.0,1.0,10,Unleveled,False
I will write or fix an excel formula with data analysis,M. Rizwan Badar,5.0,1.0,5,Unleveled,False
I will do dynamic dashboard for sales inventory financials on excel and google sheet,Mohammad Shahid,5.0,41.0,24,Level 2,False
I will do excel data entry dashboards powerpoint,Anrudh Singh,Unranked Gig,No Reviewed,28,Unleveled,False
I will do excel data management and data analysis with dashboard,Rizwan M,4.8,2.0,47,Level 1,False
I will econometric and financial analysis with stata eviews r python,Onesmus M,5.0,2.0,56,Level 1,False
I will convert google sheets workbook to excel spreadsheet,Ajit T,4.7,1.0,5,Level 1,False
I will do econometrics and statistical analysis,Akinsika O,5.0,1.0,74,Level 1,False
I will do excel financial analysis modeling assignment  income statement CRM sheet,Zeeshan,5.0,1.0,19,Unleveled,False
I will do spreadsheets excel formula macros dashboards financial reports,Tazul,5.0,1.0,5,Unleveled,False
I will be your data analyst and will do financial management and accounting,Mosa Khan,5.0,2.0,10,Unleveled,False
I will do data cleaning wrangling visualization analysis by python,Asif Ayub,5.0,1.0,10,Unleveled,False
I will provide data analysis with financial analysts forecasting and modeling,Mahafujul,Unranked Gig,No Reviewed,74,Level 1,False
I will do eda data cleansing and visualization using python,Shakeel,5.0,1.0,10,Level 1,False
I will model your sports data,Johannes M.,Unranked Gig,No Reviewed,463,Vetted Pro,False
I will do time series analysis in gretl,Shahzaibsamo,4.4,3.0,10,Level 1,False
I will prepare the financial statement for the company,Pradeep Khadka,5.0,34.0,47,Top Rated,True
I will do python development machine learning and data science in jupyter notebook,Kashif,5.0,6.0,14,Level 2,True
I will be your data science and statistics professional,Dror Rosen,4.9,46.0,370,Vetted Pro,True
I will do data analysis using tableau power bi python r studio sql or excel analyst,Mohsin,4.9,19.0,19,Level 1,False
I will deliver financial projections budgets  financial statements,Md Al Amin,Unranked Gig,No Reviewed,28,Unleveled,False
I will work on time series analysis with r studio,Shahnawaz,Unranked Gig,No Reviewed,42,Unleveled,False
I will be your expert financial analyst assignment and reports,Hamza Baba,5.0,1.0,14,Unleveled,False
I will do your data analytics and visualization,aliijaz756,Unranked Gig,No Reviewed,24,Unleveled,False
I will do data analytics with tableau data bricks power bi and develop dashboard,Tanzeel Ur,3.7,3.0,93,Unleveled,False
I will provide best excel data analysis service,Rizwan A,Unranked Gig,No Reviewed,5,Unleveled,False
I will do data cleansing and visualization in tableau python power bi and excel,Iqrar,5.0,2.0,28,Level 2,False
I will do forex and crypto chart analysis with ict and lit concepts,Tharuka Nayana,5.0,1.0,5,Unleveled,False
I will convert your financial data into chart and dashboard excel,Usama Jawad,4.3,10.0,28,Level 1,False
I will do flask tensorflow nlp opencv and data science projects,Ansa Ali,5.0,3.0,10,Level 1,False
I will be your spss sql tableau r studio python powerbi and excel expert,George Tochi,5.0,1.0,5,Level 1,False
I will be your data analyst and will do financial analysis,Sohaib,4.8,17.0,14,Level 1,False
I will do data analysis and visualization using power bi tableau excel and python,Ziah,Unranked Gig,No Reviewed,5,Unleveled,False
I will do statistics and probability data analysis with spss excel or minitab,Zoha Khan,5.0,1.0,5,Unleveled,False
I will create interactive power bi dashboards and visualizations,Sadiq,5.0,1.0,19,Unleveled,False
I will make paystub check stub adp paystub 1040 1099 w2 w3 payslip payroll,Burhan B,5.0,1.0,5,Unleveled,False
I will do quantitative and qualitative decision making data analysis,Noman Arif,2.0,1.0,47,Unleveled,False
I will do all excel related works,Fasil Palathol,Unranked Gig,No Reviewed,5,Unleveled,False
I will do economic and financial analysis,Stefano B,5.0,1.0,5,Unleveled,False
I will do econometric analysis with eviews stata spss smart pls,Rahayu L,Unranked Gig,No Reviewed,14,Unleveled,False
I will fix excel or google sheets functions formulas do budgeting and forecasting,Amir Mba,4.8,2.0,10,Level 1,False
I will do your statistical data analytics assignments in r,Kinza Noor,4.9,11.0,24,Level 1,False
I will build automated and insightful power bi report,Power Bi Expert,4.8,63.0,47,Top Rated,False
I will do excel data management and data analysis with dashboard,Rizwan M,4.8,2.0,47,Level 1,False
I will analyze financial statements data in excel and do data analysis in python excel,Hilary L,Unranked Gig,No Reviewed,24,Unleveled,False
I will linear multivariate and logistic regression using statistic tools,Muhammad A,5.0,1.0,19,Unleveled,False
I will do python programming for data analysis and visualization,Muneeb Nasir,5.0,1.0,10,Level 1,False
I will do risk management forecasting and automation solutions,Ronit,5.0,1.0,56,Unleveled,False
I will do data cleaning analysis statistics visualization and dashboard,Mehran Shahzad,3.0,1.0,47,Unleveled,False
I will be your data analyst,Hammad Ali,5.0,1.0,10,Unleveled,False
I will offer services in econometric data analysis,Johnstat,4.3,14.0,19,Unleveled,False
I will do data analytics work for it,Shivai,5.0,1.0,10,Unleveled,False
I will econometric and financial analysis with stata eviews r python,Onesmus M,5.0,2.0,56,Level 1,False
I will do excel google sheet template graph formula dashboard pivot table data cleaning,Bukhari,5.0,3.0,5,Level 1,False
I will do linear and logistic regression,Johannes M.,5.0,1.0,463,Vetted Pro,False
I will build effective excel data analysis reports charts interactive dashboards,Assana G,5.0,13.0,139,Level 2,False
I will do time series analysis in gretl,Shahzaibsamo,4.4,3.0,10,Level 1,False
I will be your data analystdata visualization and statistician expert,wassisajjad,Unranked Gig,No Reviewed,5,Unleveled,False
I will perform data analysis data entry and excel tasks,Abdul M,Unranked Gig,No Reviewed,5,Unleveled,False
I will do data analysis using tableau r studio python power bi sql or excel analyst,Amina,Unranked Gig,No Reviewed,19,Unleveled,False
I will make excel graphs charts pivot tables and complex dashboard,Babar,4.7,58.0,47,Level 1,False
I will do your data analytics projects plus make a report,Fredrick S,4.6,24.0,93,Level 1,False
I will convert google sheets workbook to excel spreadsheet,Ajit T,4.7,1.0,5,Level 1,False
I will prepare the financial statement for the company,Pradeep Khadka,5.0,34.0,47,Top Rated,True
I will do python development machine learning and data science in jupyter notebook,Kashif,5.0,6.0,14,Level 2,True
I will be your data science and statistics professional,Dror Rosen,4.9,46.0,370,Vetted Pro,True
I will do data analysis using tableau power bi python r studio sql or excel analyst,Mohsin,4.9,19.0,19,Level 1,False
I will assist you in work on dynamic spreadsheets or workbooks,Mohsin Raza,Unranked Gig,No Reviewed,5,Unleveled,False
I will natural language processing nlp and data science in python,Faizan S,Unranked Gig,No Reviewed,10,Level 2,False
I will do research impact analysis collect data on any topic,Afaf,Unranked Gig,No Reviewed,5,Unleveled,False
I will analyse data for actionable insights,M Aown,Unranked Gig,No Reviewed,19,Unleveled,False
I will design custom google sheets for business analytics,Sheets Expert,Unranked Gig,No Reviewed,28,Unleveled,False
I will create payroll to manage your business with google sheet,Sheets Expert,5.0,2.0,93,Unleveled,False
I will be your excel expert,Javed Rashid,Unranked Gig,No Reviewed,5,Level 1,False
I will economics assignments using stata and eviews,Ayoub,Unranked Gig,No Reviewed,10,Unleveled,False
I will do time series analysis in gretl,Shahzaibsamo,4.4,3.0,10,Level 1,False
I will do flask tensorflow nlp opencv and data science projects,Ansa Ali,5.0,3.0,10,Level 1,False
I will be your spss sql tableau r studio python powerbi and excel expert,George Tochi,5.0,1.0,5,Level 1,False
I will be your data analyst and will do financial analysis,Sohaib,4.8,17.0,14,Level 1,False
I will sales marketing data analysis reports in excel googlesheet,Mohiuddin Ahmed,Unranked Gig,No Reviewed,5,Unleveled,False
I will create power bi reports,Ifrah,Unranked Gig,No Reviewed,74,Unleveled,False
I will analyse and visualize data for you,M Aown,Unranked Gig,No Reviewed,19,Unleveled,False
I will create automated excel sheets dashboards  reports in 24h,Oluwatobibakare,Unranked Gig,No Reviewed,14,Unleveled,False
I will do eda data cleansing and visualization using python,Shakeel,5.0,1.0,10,Level 1,False
I will do data cleaning and automation in alteryx,Shakeel,Unranked Gig,No Reviewed,28,Level 1,False
I will create data lineage diagrams and documentation for your sql databases,Catalin,Unranked Gig,No Reviewed,24,Unleveled,False
I will do business analytics data overview in excel,Shimu Akter,5.0,1.0,5,Unleveled,False
I will fix excel or google sheets functions formulas do budgeting and forecasting,Amir Mba,4.8,2.0,10,Level 1,False
I will do your statistical data analytics assignments in r,Kinza Noor,4.9,11.0,24,Level 1,False
I will build automated and insightful power bi report,Power Bi Expert,4.8,63.0,47,Top Rated,False
I will do excel data management and data analysis with dashboard,Rizwan M,4.8,2.0,47,Level 1,False
I will create a professional jupyter notebook using python,James,Unranked Gig,No Reviewed,10,Unleveled,False
I will complete your excel assignments accurately,GayaniK,Unranked Gig,No Reviewed,10,Level 1,False
I will do expert data analysis and engineering with modern tools,Dyne,Unranked Gig,No Reviewed,70,Unleveled,False
I will excel wizardvba macros advanced formulas data analysis,Annabella,Unranked Gig,No Reviewed,5,Unleveled,False
I will create dashboard for data token erc20erc721erc1155,Iamocean,5.0,1.0,93,Level 1,False
I will do eda data analysis and cleaning by python vscode,Magsi,5.0,1.0,24,Unleveled,False
I will enter excel data fix macros vba  pivot chart formula,Daniel Oyama,5.0,1.0,5,Unleveled,False
I will consult how to use data for your business,Matan,5.0,2.0,10,Unleveled,False
I will econometric and financial analysis with stata eviews r python,Onesmus M,5.0,2.0,56,Level 1,False
I will do excel google sheet template graph formula dashboard pivot table data cleaning,Bukhari,5.0,3.0,5,Level 1,False
I will be your excel v lookuph lookupfuzzy lookup spreadsheet expert,Saddam Hussain,5.0,10.0,5,Level 1,False
I will build effective excel data analysis reports charts interactive dashboards,Assana G,5.0,13.0,139,Level 2,False
I will give the multiple pages website data at one place,Shubham Jain,Unranked Gig,No Reviewed,93,Unleveled,False
I will help you code in r python and SAS,John R,Unranked Gig,No Reviewed,10,Unleveled,False
I will do forecasting reporting data analytics business insights w excel or python,Chérif,Unranked Gig,No Reviewed,37,Unleveled,False
I will do data entry reporting financial transactions in quick book,Obaid U,Unranked Gig,No Reviewed,19,Unleveled,False
I will do your data analytics projects plus make a report,Fredrick S,4.6,24.0,93,Level 1,False
I will do whatever you need in excel next 24 hours,Spriteup,5.0,46.0,14,Level 1,False
I will provide expert excel dashboard chart macro and pivot table,Zahid Mumtaz,5.0,11.0,47,Level 2,False
I will be your data analyst and formula expert with visualization in excel and power bi,Omer Naeem Khan,4.6,13.0,10,Level 1,False
I will prepare the financial statement for the company,Pradeep Khadka,5.0,34.0,47,Top Rated,True
I will create dashboard for data token erc20erc721erc1155,Iamocean,5.0,1.0,93,Level 1,False
I will be your spss sql tableau r studio python powerbi and excel expert,George Tochi,5.0,1.0,5,Level 1,False
I will do whatever you need in excel next 24 hours,Spriteup,5.0,46.0,14,Level 1,False
I will natural language processing nlp and data science in python,Faizan S,Unranked Gig,No Reviewed,10,Level 2,False
I will do data reports and analysis,Kipkoech Denis,Unranked Gig,No Reviewed,93,Unleveled,False
I will assist you in work on dynamic spreadsheets or workbooks,Mohsin Raza,Unranked Gig,No Reviewed,5,Unleveled,False
I will do data entry reporting financial transactions in quick book,Obaid U,Unranked Gig,No Reviewed,19,Unleveled,False
I will perform statistical data analysis with r,Tehreem Fatima,Unranked Gig,No Reviewed,28,Unleveled,False
I will write any power bi dax measure calculated column and quires,Christine W,Unranked Gig,No Reviewed,28,Unleveled,False
I will help you value trading for big profits,Stefan R,Unranked Gig,No Reviewed,370,Unleveled,False
I will do time series forecasting analysis using lstm arima,Ranuja Perera,Unranked Gig,No Reviewed,74,Unleveled,False
I will do macros vba code formula powerful data analysis in excel and google sheets,Semab.k,4.3,7.0,19,Level 1,False
I will excel data cleaning and formatting data analysis and visualization combine PDF,Karanjot Singh,5.0,2.0,14,Level 1,False
I will do eda data wrangling and visualization in python,Babo,4.4,8.0,19,Level 2,False
I will be your data analyst and do financial management and accounting,Ridwan,Unranked Gig,No Reviewed,65,Level 2,True
I will transform your data into actionable insights,Fariji E,Unranked Gig,No Reviewed,5,Unleveled,False
I will automate excel tasks clean data and build professional dashboards,Mike H,Unranked Gig,No Reviewed,10,Unleveled,False
I will do excel dashboard development and excel data analysis,Vishal B,Unranked Gig,No Reviewed,28,Unleveled,False
I will help you in data analytics,Talabi Ab,Unranked Gig,No Reviewed,463,Unleveled,False
I will do expert excel dashboard power bi analytics and custom KPI as a data,Abdul Latif,Unranked Gig,No Reviewed,10,Unleveled,False
I will perform economics and econometric analysis using r  spss or stata,Scoby D,Unranked Gig,No Reviewed,24,Unleveled,False
I will help you code in r python and SAS,John R,Unranked Gig,No Reviewed,10,Unleveled,False
I will do professional power bi dashboard,nanchosaumett,Unranked Gig,No Reviewed,19,Unleveled,False
I will do python development machine learning and data science in jupyter notebook,Kashif,5.0,6.0,14,Level 2,True
I will provide data analysis with financial analysts forecasting and modeling,Mahafujul,Unranked Gig,No Reviewed,74,Level 1,False
I will build automated and insightful power bi report,Attaur R,4.9,6.0,28,Level 1,False
I will do flask tensorflow nlp opencv and data science projects,Ansa Ali,5.0,3.0,10,Level 1,False
I will do data analysis and visualization with python or r,Junaid D,Unranked Gig,No Reviewed,19,Unleveled,False
I will do forecasting reporting data analytics business insights w excel or python,Chérif,Unranked Gig,No Reviewed,37,Unleveled,False
I will analyze your data with python sql and power bi,Sourav K,Unranked Gig,No Reviewed,19,Unleveled,False
I will perform data analysis insights for your business,Ronaldo Silva,Unranked Gig,No Reviewed,14,Unleveled,False
I will provide commercial real estate underwriting services,Aman K,Unranked Gig,No Reviewed,19,Unleveled,False
I will do data analysis and create professional dashboards for you,Vedanti,Unranked Gig,No Reviewed,28,Level 1,False
I will do expert data analysis for business growth and optimization,Junaid D,Unranked Gig,No Reviewed,28,Unleveled,False
I will create a script to automate your google sheets tasks,Dragan R,5.0,66.0,19,Top Rated,True
I will be your data science and statistics professional,Dror Rosen,4.9,46.0,370,Vetted Pro,True
I will do your statistical data analytics assignments in r,Kinza Noor,4.9,11.0,24,Level 1,False
I will do excel google sheet template graph formula dashboard pivot table data cleaning,Bukhari,5.0,3.0,5,Level 1,False
I will do data analysis using tableau power bi python r studio sql or excel analyst,Mohsin,4.9,19.0,19,Level 1,False
I will manage your google drive with apps script,Dragan R,5.0,3.0,19,Top Rated,True
I will do data analysis and science with jupyter in python,Finesse,Unranked Gig,No Reviewed,19,Level 1,False
I will analyze your data with pandas,Sameh R,Unranked Gig,No Reviewed,5,Unleveled,False
I will do google sheet development,Franz Lokuwel,4.7,11.0,10,Unleveled,False
I will do eda data cleansing and visualization using python,Shakeel,5.0,1.0,10,Level 1,False
I will be your data analyst and formula expert with visualization in excel and power bi,Omer Naeem Khan,4.6,13.0,10,Level 1,False
I will be your data analyst and will do financial analysis,Sohaib,4.8,17.0,14,Level 1,False
I will fix excel or google sheets functions formulas do budgeting and forecasting,Amir Mba,4.8,2.0,10,Level 1,False
I will prepare the financial statement for the company,Pradeep Khadka,5.0,34.0,47,Top Rated,True
I will do python development machine learning and data science in jupyter notebook,Kashif,5.0,6.0,14,Level 2,True
I will be your data science and statistics professional,Dror Rosen,4.9,46.0,370,Vetted Pro,True
I will do data analysis using tableau power bi python r studio sql or excel analyst,Mohsin,4.9,19.0,19,Level 1,False
I will do data analysis and generate dashboards,Srour Mohamed,Unranked Gig,No Reviewed,42,Unleveled,False
I will data analyst and financial report creator in power bi,Osmir,Unranked Gig,No Reviewed,10,Unleveled,False
I will do eda wrangling visualization analysis and reporting using python tableau,Dataguy,Unranked Gig,No Reviewed,10,Unleveled,False
I will do statistical data analysis using excel and python,Rishabh G,Unranked Gig,No Reviewed,93,Unleveled,False
I will help you in statistical analysis and business analytics,Yas Edits,Unranked Gig,No Reviewed,10,Level 1,False
I will deliver a comprehensive analysis with actionable insights,Shimon R,Unranked Gig,No Reviewed,24,Unleveled,False
I will excel data analysis or statistical data analysis with excel,Azeem Kalwar,Unranked Gig,No Reviewed,19,Unleveled,False
I will do administrative task including invoices on xero,Arina M,5.0,1.0,5,Level 1,False
I will do time series analysis in gretl,Shahzaibsamo,4.4,3.0,10,Level 1,False
I will be your spss sql tableau r studio python powerbi and excel expert,George Tochi,5.0,1.0,5,Level 1,False
I will do flask tensorflow nlp opencv and data science projects,Ansa Ali,5.0,3.0,10,Level 1,False
I will fix excel or google sheets functions formulas do budgeting and forecasting,Amir Mba,4.8,2.0,10,Level 1,False
I will do data analytics projects and tasks for you,Osama A,Unranked Gig,No Reviewed,93,Level 1,False
I will data management in python powerbi and excel,Jehanzeb,3.3,1.0,5,Unleveled,False
I will do professional data analysis,Morsalin,Unranked Gig,No Reviewed,10,Unleveled,False
I will provide a template of the US line map in excel,Levi B,Unranked Gig,No Reviewed,5,Unleveled,False
I will perform analysis on excel and google sheets,Fcca Shayan Ali,5.0,2.0,47,Unleveled,False
I will provide sap analytics cloud and bi dashboards,Zahid Iqbal,5.0,1.0,47,Unleveled,False
I will analyze data graphs formulas growth format year comparison,Fcca Shayan Ali,5.0,4.0,47,Unleveled,False
I will create dynamic interactive excel dashboard,Al Lakhani,5.0,1.0,47,Unleveled,False
I will build automated and insightful power bi report,Power Bi Expert,4.8,63.0,47,Top Rated,False
I will do excel data management and data analysis with dashboard,Rizwan M,4.8,2.0,47,Level 1,False
I will be your data analyst and will do financial analysis,Sohaib,4.8,17.0,14,Level 1,False
I will do your statistical data analytics assignments in r,Kinza Noor,4.9,11.0,24,Level 1,False
I will do google sheet development,Franz Lokuwel,4.7,11.0,10,Unleveled,False
I will do statistical data analysis using python sql power bi,Vansh Da,Unranked Gig,No Reviewed,10,Unleveled,False
I will analyze data in excel,Maureen M,Unranked Gig,No Reviewed,28,Unleveled,False
I will create excel reports dashboards and analysis,Mudassir Shah,Unranked Gig,No Reviewed,5,Unleveled,False
I will be yours expert power bi analyst for dashboard and reporting,Shayan,Unranked Gig,No Reviewed,10,Level 1,False
I will clean preprocess and analyze your data using python,Zhao M,Unranked Gig,No Reviewed,19,Unleveled,False
I will data analysis visualization and reconciliation,Thejas,Unranked Gig,No Reviewed,51,Unleveled,False
I will write any power bi dax measure calculated column and quires,Haseebkhan,Unranked Gig,No Reviewed,56,Unleveled,False
I will econometric and financial analysis with stata eviews r python,Onesmus M,5.0,2.0,56,Level 1,False
I will build effective excel data analysis reports charts interactive dashboards,Assana G,5.0,13.0,139,Level 2,False
I will do excel google sheet template graph formula dashboard pivot table data cleaning,Bukhari,5.0,3.0,5,Level 1,False
I will convert google sheets workbook to excel spreadsheet,Ajit T,4.7,1.0,5,Level 1,False
I will optimize data processes power bi AWS gcp and automation,thomas_alves,Unranked Gig,No Reviewed,14,Unleveled,False
I will do income expense tracker with dashboard and monthly calendar view,Shaji P,Unranked Gig,No Reviewed,24,Unleveled,False
I will analyze and visualize your data using sql power bi and looker,Rocksitt,Unranked Gig,No Reviewed,10,Unleveled,False
I will be your data analyst ml and dl models using python r,Noman Ch,Unranked Gig,No Reviewed,37,Unleveled,False
I will do your data analytics projects plus make a report,Fredrick S,4.6,24.0,93,Level 1,False
I will provide expert excel dashboard chart macro and pivot table,Zahid Mumtaz,5.0,11.0,47,Level 2,False
I will do whatever you need in excel next 24 hours,Spriteup,5.0,46.0,14,Level 1,False
I will be your excel v lookuph lookupfuzzy lookup spreadsheet expert,Saddam Hussain,5.0,10.0,5,Level 1,False
I will prepare the financial statement for the company,Pradeep Khadka,5.0,34.0,47,Top Rated,True
I will do python development machine learning and data science in jupyter notebook,Kashif,5.0,6.0,14,Level 2,True
I will be your data science and statistics professional,Dror Rosen,4.9,46.0,370,Vetted Pro,True
I will do data analysis using tableau power bi python r studio sql or excel analyst,Mohsin,4.9,19.0,19,Level 1,False
I will analyze and prepare financial statements and financial models,Abdul Wahab,Unranked Gig,No Reviewed,19,Unleveled,False
I will be your financial analyst and power bi specialist,Fazal Imam,Unranked Gig,No Reviewed,47,Level 1,False
I will be your power bi expert,Chetan Vaish,Unranked Gig,No Reviewed,14,Level 2,True
I will do data analysis using python jupyter notebook,Muhammad H,5.0,1.0,51,Unleveled,False
I will prepare dashboard in zoho analytics for mis dss,Kartik Vora,Unranked Gig,No Reviewed,93,Unleveled,False
I will make and write shopify reports for your business,danishabidbhatt,Unranked Gig,No Reviewed,14,Unleveled,False
I will build stock and crypto price prediction application,Zeeshan,5.0,3.0,19,Unleveled,False
I will be your statistical data analyst with python excel powerbi,Asad Amin,5.0,2.0,14,Unleveled,False
I will do regression and time series analysis,Johannes M.,5.0,35.0,463,Level 2,False
I will do macros vba code formula powerful data analysis in excel and google sheets,Semab.k,4.3,7.0,19,Level 1,False
I will do flask tensorflow nlp opencv and data science projects,Ansa Ali,5.0,3.0,10,Level 1,False
I will fix excel or google sheets functions formulas do budgeting and forecasting,Amir Mba,4.8,2.0,10,Level 1,False
I will do time series analysis with python r or other language,Raf,Unranked Gig,No Reviewed,24,Unleveled,False
I will analyze your data for insights and dashboarding,behasslefree,Unranked Gig,No Reviewed,28,Level 1,False
I will create amazing excel dashboard transfer your data to creative visualization,Roman Hrdlovic,5.0,2.0,14,Unleveled,False
I will deliver any  reporting solution using ssrs and power bi,Jinesh S,4.9,10.0,28,Unleveled,False
I will create real estate excel dashboard template for your work easier and automate,Mak,Unranked Gig,No Reviewed,47,Level 1,False
I will help you with the boot camp,Bjordi,Unranked Gig,No Reviewed,10,Unleveled,False
I will use monte carlo to build a portfolio to maximize your profit,Bjordi,Unranked Gig,No Reviewed,19,Unleveled,False
I will provide significant support in python advanced excel,Bjordi,Unranked Gig,No Reviewed,10,Unleveled,False
I will build automated and insightful power bi report,Power Bi Expert,4.8,63.0,47,Top Rated,False
I will do excel data management and data analysis with dashboard,Rizwan M,4.8,2.0,47,Level 1,False
I will be your data analyst and will do financial analysis,Sohaib,4.8,17.0,14,Level 1,False
I will do your statistical data analytics assignments in r,Kinza Noor,4.9,11.0,24,Level 1,False
I will be your excel expert for data analysis dashboards and automation,Bjordi,Unranked Gig,No Reviewed,10,Unleveled,False
I will do expert facebook prophet work for remarkable results,Bjordi,Unranked Gig,No Reviewed,10,Unleveled,False
I will create an excel dashboard google sheets and data analysis,Uzma Mirza,Unranked Gig,No Reviewed,5,Unleveled,False
I will help you code in python programming language,Faizan,Unranked Gig,No Reviewed,19,Unleveled,False
I will do machine learning projects in python,Arslan Ahmad,Unranked Gig,No Reviewed,10,Unleveled,False
I will help you with accounting  auditing and data related issues,Rafya Akhtar,Unranked Gig,No Reviewed,24,Unleveled,False
I will data analysis in tableau powerbi excel,Ramesh R,Unranked Gig,No Reviewed,28,Level 1,False
I will do econometric analysis in spss stata python or r,Amberlyn R,Unranked Gig,No Reviewed,28,Unleveled,False
I will econometric and financial analysis with stata eviews r python,Onesmus M,5.0,2.0,56,Level 1,False
I will build effective excel data analysis reports charts interactive dashboards,Assana G,5.0,13.0,139,Level 2,False
I will do excel google sheet template graph formula dashboard pivot table data cleaning,Bukhari,5.0,3.0,5,Level 1,False
I will build automated and insightful power bi report,Attaur R,4.9,6.0,28,Level 1,False
I will help you with your excel projects,Alejandro Diaz,Unranked Gig,No Reviewed,10,Unleveled,False
I will do cohort analysis using excel and power bi,Pabasara,5.0,1.0,33,Unleveled,False
I will perform data cleaning preprocessing analysis and prediction,Muhammad A,Unranked Gig,No Reviewed,19,Unleveled,False
I will do statistical data analytics assignments in r and python,Ml Pro,Unranked Gig,No Reviewed,47,Unleveled,False
I will be your excel and google sheets expert,Riab J,5.0,49.0,28,Level 2,False
I will do analysis of your data in r python spss stata eviews amos or excel,Datapott A.,4.0,2.0,74,Level 1,False
I will do business analytics and customize business strategy,Parijat S,5.0,1.0,278,Level 1,False
I will do time series analysis in gretl,Shahzaibsamo,4.4,3.0,10,Level 1,False
I will prepare the financial statement for the company,Pradeep Khadka,5.0,34.0,47,Top Rated,True
I will be your data science and statistics professional,Dror Rosen,4.9,46.0,370,Vetted Pro,True
I will do python development machine learning and data science in jupyter notebook,Kashif,5.0,6.0,14,Level 2,True
I will do data analysis using tableau power bi python r studio sql or excel analyst,Mohsin,4.9,19.0,19,Level 1,False
I will use monte carlo to build a portfolio to maximize your profit,Bjordi,Unranked Gig,No Reviewed,19,Unleveled,False
I will provide significant support in python advanced excel,Bjordi,Unranked Gig,No Reviewed,10,Unleveled,False
I will be your excel expert for data analysis dashboards and automation,Bjordi,Unranked Gig,No Reviewed,10,Unleveled,False
I will do expert facebook prophet work for remarkable results,Bjordi,Unranked Gig,No Reviewed,10,Unleveled,False
I will analyze financial statements data in excel,Moin,Unranked Gig,No Reviewed,5,Unleveled,False
I will clean and process your data and do an analysis on it,Suleman Khan,Unranked Gig,No Reviewed,37,Unleveled,False
I will create custom excel formula template,Rafya Akhtar,Unranked Gig,No Reviewed,28,Unleveled,False
I will help you with statistical and data analysis in excel r python,Dang Ho,5.0,3.0,5,Unleveled,False
I will build automated and insightful power bi report,Power Bi Expert,4.8,63.0,47,Top Rated,False
I will be your spss sql tableau r studio python powerbi and excel expert,George Tochi,5.0,1.0,5,Level 1,False
I will build effective excel data analysis reports charts interactive dashboards,Assana G,5.0,13.0,139,Level 2,False
I will fix excel or google sheets functions formulas do budgeting and forecasting,Amir Mba,4.8,2.0,10,Level 1,False
I will create interactive dashboards for your business KPI,Jola Analytics,Unranked Gig,No Reviewed,33,Unleveled,False
I will perform financial analysis forecasting reporting modeling,Profinancials,Unranked Gig,No Reviewed,10,Unleveled,False
I will do econometrics and statistical analysis,Akinsika O,5.0,1.0,74,Level 1,False
I will do excel power bi tableau and google data studio analysis modeling for finance,Vicky,Unranked Gig,No Reviewed,74,Unleveled,False
I will data analysis insights action,Taher M,Unranked Gig,No Reviewed,14,Unleveled,False
I will be your power bi visualization specialist,Shahneel Sajid,Unranked Gig,No Reviewed,14,Unleveled,False
I will create custom excel solutions provide tutoring and offer financial consulting,Thomas Hennessy,Unranked Gig,No Reviewed,139,Unleveled,False
I will do excel and google sheets data analysis and visualization,Rafya Akhtar,Unranked Gig,No Reviewed,10,Unleveled,False
I will do excel data management and data analysis with dashboard,Rizwan M,4.8,2.0,47,Level 1,False
I will do business analytics and customize business strategy,Parijat S,5.0,1.0,278,Level 1,False
I will do flask tensorflow nlp opencv and data science projects,Ansa Ali,5.0,3.0,10,Level 1,False
I will econometric and financial analysis with stata eviews r python,Onesmus M,5.0,2.0,56,Level 1,False
I will provide microsoft excel services for small businesses,Hannan T,Unranked Gig,No Reviewed,10,Unleveled,False
I will analyze and transform your data into actionable insights,Joseph U,Unranked Gig,No Reviewed,47,Unleveled,False
I will provide your data analyst,Fenway,Unranked Gig,No Reviewed,597,Unleveled,False
I will create financial dashboards reports and analytics for your business,Sara,Unranked Gig,No Reviewed,47,Unleveled,False
I will do quantitative and qualitative analysis,Hassan Zafar,Unranked Gig,No Reviewed,14,Unleveled,False
I will do excel software research features spreadsheets financial accounts graph charts,Carina C,Unranked Gig,No Reviewed,33,Unleveled,False
I will create financial reports dashboards and clean excel data,Karan Verma,Unranked Gig,No Reviewed,10,Unleveled,False
I will do excel data cleaning and data analysis expert,Anis Khan,Unranked Gig,No Reviewed,14,Unleveled,False
I will provide expert excel dashboard chart macro and pivot table,Zahid Mumtaz,5.0,11.0,47,Level 2,False
I will be your data analyst and will do financial analysis,Sohaib,4.8,17.0,14,Level 1,False
I will create custom power bi dashboard and deneb visuals,Ryan,4.9,7.0,47,Top Rated,True
I will do your statistical data analytics assignments in r,Kinza Noor,4.9,11.0,24,Level 1,False
I will perform financial data analysis and create dynamic dashboards,Irfan Ahmad,Unranked Gig,No Reviewed,24,Unleveled,False
I will do statistical data analysis using excel power bi and  machine learning,Joy Paul,Unranked Gig,No Reviewed,19,Unleveled,False
I will design interactive financial reports and dashboards,Stephen A,Unranked Gig,No Reviewed,47,Unleveled,False
I will do comprehensive data analysis data visualization create advance bi dashboards,Abbas Ahmad,Unranked Gig,No Reviewed,84,Unleveled,False
I will do data science projects with machine learning and deep learning in python or r,App Developer,5.0,2.0,88,Level 1,False
I will excel data cleaning and formatting data analysis and visualization combine PDF,Karanjot Singh,5.0,2.0,14,Level 1,False
I will build automated and insightful power bi report,Attaur R,4.9,6.0,28,Level 1,False
I will do eda data cleansing and visualization using python,Shakeel,5.0,1.0,10,Level 1,False
I will do your statistical data analytics assignments in r,Kinza Noor,4.9,11.0,24,Level 1,False
I will do python development machine learning and data science in jupyter notebook,Kashif,5.0,6.0,14,Level 2,True
I will be your excel v lookuph lookupfuzzy lookup spreadsheet expert,Saddam Hussain,5.0,10.0,5,Level 1,False
I will do excel google sheet template graph formula dashboard pivot table data cleaning,Bukhari,5.0,3.0,5,Level 1,False
I will statistical data analysis using r studio,Uzma Shafiq,Unranked Gig,No Reviewed,10,Unleveled,False
I will do excel data cleaning pivot table and more,Fawzaans,Unranked Gig,No Reviewed,5,Unleveled,False
I will interactive tableau dashboard for saas crm cms and analytics admin dashboard,Dan K,Unranked Gig,No Reviewed,47,Unleveled,False
I will create excel graph charts  pivot table and interactive dashboard,Muhammad Usman,Unranked Gig,No Reviewed,28,Unleveled,False
I will help you with statistical data analysis using power bi excel sql etc,Matthew Akin,Unranked Gig,No Reviewed,47,Unleveled,False
I will create a professional trade history record crypto trade log   portfolio tracker,Lauren Hannah,Unranked Gig,No Reviewed,47,Unleveled,False
I will trabalho como analista e com excel,John F,Unranked Gig,No Reviewed,19,Unleveled,False
I will create interactive dashboards and reports for your business,Ferdinand Y,Unranked Gig,No Reviewed,14,Unleveled,False
I will do flask tensorflow nlp opencv and data science projects,Ansa Ali,5.0,3.0,10,Level 1,False
I will prepare the financial statement for the company,Pradeep Khadka,5.0,34.0,47,Top Rated,True
I will do data analysis using tableau power bi python r studio sql or excel analyst,Mohsin,4.9,19.0,19,Level 1,False
I will do time series analysis in gretl,Shahzaibsamo,4.4,3.0,10,Level 1,False
I will be your data analyst and do financial management and accounting,Ridwan,Unranked Gig,No Reviewed,65,Level 2,True
I will do data analysis modeling and hypothesis testing in minitab,Analysisk,Unranked Gig,No Reviewed,10,Level 2,False
I will be your data guy,Jairam,Unranked Gig,No Reviewed,5,Unleveled,False
I will do python projects task assignments,Bilal Ashraf,Unranked Gig,No Reviewed,28,Unleveled,False
I will do analysis in stata spss amos spss max dea ms excel,Shanza,Unranked Gig,No Reviewed,28,Unleveled,False
I will automate data collection to google sheets,Jorge,5.0,1.0,42,Level 1,False
I will do data analysis and dashboard,Arif,Unranked Gig,No Reviewed,24,Level 1,False
I will do efficient  data analysis in excel for you,Mahnoor N.,Unranked Gig,No Reviewed,14,Unleveled,False
I will econometric and financial analysis with stata eviews r python,Onesmus M,5.0,2.0,56,Level 1,False
I will convert your financial data into chart and dashboard excel,Usama Jawad,4.3,10.0,28,Level 1,False
I will build automated and insightful power bi report,Power Bi Expert,4.8,63.0,47,Top Rated,False
I will make excel graphs charts pivot tables and complex dashboard,Babar,4.7,58.0,47,Level 1,False
I will do interactive and intuitive bi report on power bi from database or sheets,Diego Sansone,5.0,1.0,139,Unleveled,False
I will provide excellent services in excelmacros vba and formula,Gary,5.0,2.0,47,Unleveled,False
I will do financial analysis and financial forecast,Babar,5.0,2.0,47,Level 1,False
I will do excel and google sheets spreadsheets charts and macros,Erick,5.0,8.0,24,Unleveled,False
I will help you with your google sheets,Matthew Kimber,5.0,1.0,5,Level 2,False
I will help you with your formulas on excel,Matthew Kimber,5.0,4.0,5,Level 2,False
I will do data analysis visualization with power bi data scientist,Wasi Ahmed,Unranked Gig,No Reviewed,185,Level 1,False
I will do financial data analysis,Emma O,Unranked Gig,No Reviewed,47,Level 2,False
I will be your data analyst and will do financial analysis,Sohaib,4.8,17.0,14,Level 1,False
I will do excel data management and data analysis with dashboard,Rizwan M,4.8,2.0,47,Level 1,False
I will do your data analytics projects plus make a report,Fredrick S,4.6,24.0,93,Level 1,False
I will be your data analyst and formula expert with visualization in excel and power bi,Omer Naeem Khan,4.6,13.0,10,Level 1,False
I will do financial data analysis using python rstudio exce stata spss and jupyter,Jackson M,Unranked Gig,No Reviewed,28,Unleveled,False
I will do perfect excel data management,Fariyal M,Unranked Gig,No Reviewed,10,Unleveled,False
I will do professional data analysis in max dea,Shanza,Unranked Gig,No Reviewed,14,Unleveled,False
I will be a virtual assistant for any data entry and copy past,Muhammad Talha,Unranked Gig,No Reviewed,14,Unleveled,False
I will excel data cleaning and formatting data analysis and visualization combine PDF,Karanjot Singh,5.0,2.0,14,Level 1,False
I will do eda data cleansing and visualization using python,Shakeel,5.0,1.0,10,Level 1,False
I will fix excel or google sheets functions formulas do budgeting and forecasting,Amir Mba,4.8,2.0,10,Level 1,False
I will do macros vba code formula powerful data analysis in excel and google sheets,Semab.k,4.3,7.0,19,Level 1,False
I will prepare the financial statement for the company,Pradeep Khadka,5.0,34.0,47,Top Rated,True
I will be your data science and statistics professional,Dror Rosen,4.9,46.0,370,Vetted Pro,True
I will build effective excel data analysis reports charts interactive dashboards,Assana G,5.0,13.0,139,Level 2,False
I will do python development machine learning and data science in jupyter notebook,Kashif,5.0,6.0,14,Level 2,True
I will do perfect excel data management,Fariyal M,Unranked Gig,No Reviewed,10,Unleveled,False
I will do anything related to python pandas numpy matplotlib jupyter tasks,Hazel T,Unranked Gig,No Reviewed,14,Unleveled,False
I will do horizontal and vertical analysis project report,Adeel Sadiq,Unranked Gig,No Reviewed,5,Unleveled,False
I will help you in data analysis,Tutor Jane,Unranked Gig,No Reviewed,19,Unleveled,False
I will do linear non linear optimization problems by excel solver gurobi pulp pyomo,Saira Jabeen,Unranked Gig,No Reviewed,14,Unleveled,False
I will data cleaningmining and reshaping and will analyse it for you,hridaivadera12,Unranked Gig,No Reviewed,47,Unleveled,False
I will create your interactive dashboard using power bi and excel,Faisal,Unranked Gig,No Reviewed,19,Level 1,False
I will create powerful excel dashboards automation and data analysis,Neil,Unranked Gig,No Reviewed,19,Unleveled,False
I will build automated and insightful power bi report,Power Bi Expert,4.8,63.0,47,Top Rated,False
I will do data analysis using tableau power bi python r studio sql or excel analyst,Mohsin,4.9,19.0,19,Level 1,False
I will be your spss sql tableau r studio python powerbi and excel expert,George Tochi,5.0,1.0,5,Level 1,False
I will fix excel or google sheets functions formulas do budgeting and forecasting,Amir Mba,4.8,2.0,10,Level 1,False
I will generate excel graphs charts pivot tables and dashboards,Mohsin,Unranked Gig,No Reviewed,28,Unleveled,False
I will be your data analyst and will do financial management and accounting,Lloyd,Unranked Gig,No Reviewed,47,Unleveled,False
I will do tvp var analysis by antonakakis 2020,Shanza,Unranked Gig,No Reviewed,10,Unleveled,False
I will build alteryx workflows for data analysis data cleansing automation reporting,piyushsomani,Unranked Gig,No Reviewed,19,Unleveled,False
I will rewrite edit dissertationsproposal and urgent economics finance research,Ruth K,Unranked Gig,No Reviewed,37,Unleveled,False
I will do data analysis for strategic business insights and growth,Ikhtisham Anwar,Unranked Gig,No Reviewed,10,Unleveled,False
I will do data analytics to drive better business insights,Ikhtisham Anwar,Unranked Gig,No Reviewed,10,Unleveled,False
I will create interactive and intuitive bi report on qlik sense using different data,Diego Sansone,Unranked Gig,No Reviewed,139,Unleveled,False
I will do excel data management and data analysis with dashboard,Rizwan M,4.8,2.0,47,Level 1,False
I will econometric and financial analysis with stata eviews r python,Onesmus M,5.0,2.0,56,Level 1,False
I will provide expert excel dashboard chart macro and pivot table,Zahid Mumtaz,5.0,11.0,47,Level 2,False
I will do your data analytics projects plus make a report,Fredrick S,4.6,24.0,93,Level 1,False
I will professional excel accounting system,Edwin Barraza,Unranked Gig,No Reviewed,28,Unleveled,False
I will do python programming data analysis and machine learning projects,Alex L,Unranked Gig,No Reviewed,19,Unleveled,False
I will clean analyze and visualize complex,Datawizard,Unranked Gig,No Reviewed,10,Unleveled,False
I will clean analyze and visualize your data using python and excel,Alexandr L,Unranked Gig,No Reviewed,5,Unleveled,False
I will help with an excel or vba related requests,Ian,Unranked Gig,No Reviewed,5,Unleveled,False
I will provide data analysis with financial analysts forecasting and modeling,Mahafujul,Unranked Gig,No Reviewed,74,Level 1,False
I will do statistical data analysis visualization and modelling in spreadsheets and r,Mustafa,5.0,1.0,14,Level 2,False
I will do big data analysis using spark scala,Sudheer,5.0,2.0,24,Level 2,False
I will do linear and logistic regression,Johannes M.,5.0,1.0,463,Vetted Pro,False
I will do flask tensorflow nlp opencv and data science projects,Ansa Ali,5.0,3.0,10,Level 1,False
I will be your data analyst and will do financial analysis,Sohaib,4.8,17.0,14,Level 1,False
I will do data science projects with machine learning and deep learning in python or r,App Developer,5.0,2.0,88,Level 1,False
I will create custom data science projects using python,Mehwish M,5.0,2.0,28,Level 2,True
I will assist you in project management tasks,Usama X Zaira,Unranked Gig,No Reviewed,56,Unleveled,False
I will create static and online relational maps,Ike C.a,Unranked Gig,No Reviewed,14,Level 1,False
I will do your google sheets project with excellence,Serhii K.,4.9,65.0,74,Level 1,False
I will do macros vba code formula powerful data analysis in excel and google sheets,Semab.k,4.3,7.0,19,Level 1,False
I will be your excel and google sheets expert,Riab J,5.0,49.0,28,Level 2,False
I will build automated and insightful power bi report,Attaur R,4.9,6.0,28,Level 1,False
I will do time series analysis in gretl,Shahzaibsamo,4.4,3.0,10,Level 1,False
I will prepare the financial statement for the company,Pradeep Khadka,5.0,34.0,47,Top Rated,True
I will be your data science and statistics professional,Dror Rosen,4.9,46.0,370,Vetted Pro,True
I will build effective excel data analysis reports charts interactive dashboards,Assana G,5.0,13.0,139,Level 2,False
I will do python development machine learning and data science in jupyter notebook,Kashif,5.0,6.0,14,Level 2,True
I will assist you in project management tasks,Usama X Zaira,Unranked Gig,No Reviewed,56,Unleveled,False
I will create static and online relational maps,Ike C.a,Unranked Gig,No Reviewed,14,Level 1,False
I will do your google sheets project with excellence,Serhii K.,4.9,65.0,74,Level 1,False
I will do excel reporting and data analysis,Muhammad W,Unranked Gig,No Reviewed,28,Unleveled,False
I will do data cleaning wrangling and visualization using tableau power bi python,Iqrar,Unranked Gig,No Reviewed,10,Level 2,False
I will do data analysis and visualization statistical analysis r r studio and python,Hailey,Unranked Gig,No Reviewed,47,Unleveled,False
I will work on financial analysis budgeting and forecasting,Asif Shaikh,4.3,1.0,10,Unleveled,False
I will create dashboard and automation excel google sheets data studio power bi,Serhii K.,Unranked Gig,No Reviewed,47,Level 1,False
I will build automated and insightful power bi report,Power Bi Expert,4.8,63.0,47,Top Rated,False
I will do data analysis using tableau power bi python r studio sql or excel analyst,Mohsin,4.9,19.0,19,Level 1,False
I will be your spss sql tableau r studio python powerbi and excel expert,George Tochi,5.0,1.0,5,Level 1,False
I will fix excel or google sheets functions formulas do budgeting and forecasting,Amir Mba,4.8,2.0,10,Level 1,False
I will integrate power bi dashboard with dynamics 365 and sap hana,Omer,Unranked Gig,No Reviewed,28,Unleveled,False
I will do data analysis using python on google colab and pandas,Anshul,Unranked Gig,No Reviewed,93,Level 2,False
I will do data analysis and visualization using python,Sufyan Asghar,Unranked Gig,No Reviewed,14,Unleveled,False
I will be your certified indian chartered accountant,Ca Cpaneha,5.0,2.0,47,Unleveled,False
I will do financial analysis charts pivot table and dashboards,Muhammad Ali,Unranked Gig,No Reviewed,19,Unleveled,False
I will perform data analysis with excel and bi tools with report,Kavin,Unranked Gig,No Reviewed,24,Unleveled,False
I will do data analysis and insights,Sibonelo Mlambo,Unranked Gig,No Reviewed,232,Unleveled,False
I will do advanced excel tasks for you,Elimem Plc,5.0,7.0,5,Level 2,False
I will do excel data management and data analysis with dashboard,Rizwan M,4.8,2.0,47,Level 1,False
I will econometric and financial analysis with stata eviews r python,Onesmus M,5.0,2.0,56,Level 1,False
I will provide expert excel dashboard chart macro and pivot table,Zahid Mumtaz,5.0,11.0,47,Level 2,False
I will do your data analytics projects plus make a report,Fredrick S,4.6,24.0,93,Level 1,False
I will send you the cash flow tracker,Serhii K.,Unranked Gig,No Reviewed,14,Level 1,False
I will exploratory data analysis and visualization,Vinay. P.,Unranked Gig,No Reviewed,10,Unleveled,False
I will send you the monthly income expense tracker,Serhii K.,5.0,2.0,14,Level 1,False
I will send you the personal budget spreadsheet,Serhii K.,4.8,3.0,14,Level 1,False
I will analyze your raw data and transform it to pivot table report,Sandro Gvinadze,Unranked Gig,No Reviewed,74,Unleveled,False
I will do data science nvivo nlp ai ml and gpt using python,Thosen M,Unranked Gig,No Reviewed,47,Unleveled,False
I will excel data analysis excel and accounting professional,Jayaraja Sahu,Unranked Gig,No Reviewed,24,Unleveled,False
I will do complex data analysis or data analyst,Tahira Yasmeen,Unranked Gig,No Reviewed,5,Unleveled,False
I will model your sports data,Johannes M.,Unranked Gig,No Reviewed,463,Vetted Pro,False
I will do flask tensorflow nlp opencv and data science projects,Ansa Ali,5.0,3.0,10,Level 1,False
I will do macros vba code formula powerful data analysis in excel and google sheets,Semab.k,4.3,7.0,19,Level 1,False
I will convert google sheets workbook to excel spreadsheet,Ajit T,4.7,1.0,5,Level 1,False
I will be analysing the data and returing it in required format,Shyamkakani,Unranked Gig,No Reviewed,14,Unleveled,False
I will do statistical data analysis on rstudio spss excel and r,Thosen M,Unranked Gig,No Reviewed,24,Unleveled,False
I will analyze your big data,Bee,Unranked Gig,No Reviewed,56,Level 1,False
I will help in financial analysis and  modelling to boost your business success,Asif H,Unranked Gig,No Reviewed,28,Unleveled,False
I will excel data cleaning and formatting data analysis and visualization combine PDF,Karanjot Singh,5.0,2.0,14,Level 1,False
I will do data science projects with machine learning and deep learning in python or r,App Developer,5.0,2.0,88,Level 1,False
I will do business analytics and customize business strategy,Parijat S,5.0,1.0,278,Level 1,False
I will do time series analysis in gretl,Shahzaibsamo,4.4,3.0,10,Level 1,False
I will be your data science and statistics professional,Dror Rosen,4.9,46.0,370,Vetted Pro,True
I will prepare the financial statement for the company,Pradeep Khadka,5.0,34.0,47,Top Rated,True
I will build effective excel data analysis reports charts interactive dashboards,Assana G,5.0,13.0,139,Level 2,False
I will build automated and insightful power bi report,Power Bi Expert,4.8,63.0,47,Top Rated,False
I will do professional spss data analysis and statistical reporting,Rabi Prasad,Unranked Gig,No Reviewed,24,Unleveled,False
I will create interactive KPI dashboards in excel,Amina Bilal,Unranked Gig,No Reviewed,24,Unleveled,False
I will be your spss sql tableau r studio python powerbi and excel expert,George Tochi,5.0,1.0,5,Level 1,False
I will do r programming rstudio sas data analysis and visualization,Ifra A,Unranked Gig,No Reviewed,28,Unleveled,False
I will help you code in rstudio r programming  python SAS,Ifra A,Unranked Gig,No Reviewed,28,Unleveled,False
I will be analysing the data and returing it in required format,Shyamkakani,Unranked Gig,No Reviewed,14,Unleveled,False
I will do statistical data analysis on rstudio spss excel and r,Thosen M,Unranked Gig,No Reviewed,24,Unleveled,False
I will analyze your big data,Bee,Unranked Gig,No Reviewed,56,Level 1,False
I will provide expert excel dashboard chart macro and pivot table,Zahid Mumtaz,5.0,11.0,47,Level 2,False
I will do your data analytics projects plus make a report,Fredrick S,4.6,24.0,93,Level 1,False
I will do data analysis using tableau power bi python r studio sql or excel analyst,Mohsin,4.9,19.0,19,Level 1,False
I will econometric and financial analysis with stata eviews r python,Onesmus M,5.0,2.0,56,Level 1,False
I will do data analysis and visualization using python,Sufyan Asghar,Unranked Gig,No Reviewed,14,Unleveled,False
I will excel data analysis excel and accounting professional,Jayaraja Sahu,Unranked Gig,No Reviewed,24,Unleveled,False
I will help in financial analysis and  modelling to boost your business success,Asif H,Unranked Gig,No Reviewed,28,Unleveled,False
I will do econometric modeling and time series analysis,Khush Naba,Unranked Gig,No Reviewed,42,Unleveled,False
I will do data science nvivo nlp ai ml and gpt using python,Thosen M,Unranked Gig,No Reviewed,47,Unleveled,False
I will do complex data analysis or data analyst,Tahira Yasmeen,Unranked Gig,No Reviewed,5,Unleveled,False
I will ready to assist you as your power bi or qlik expert,Paresh Rahool,5.0,2.0,28,Unleveled,False
I will publish your paper in ssci and scoups q1,Noor Z,Unranked Gig,No Reviewed,93,Unleveled,False
I will do python development machine learning and data science in jupyter notebook,Kashif,5.0,6.0,14,Level 2,True
I will do business analytics and customize business strategy,Parijat S,5.0,1.0,278,Level 1,False
I will do excel data management and data analysis with dashboard,Rizwan M,4.8,2.0,47,Level 1,False
I will fix excel or google sheets functions formulas do budgeting and forecasting,Amir Mba,4.8,2.0,10,Level 1,False
I will data entry excel tasks and analyze data cost savings and provide insights,Jeevan C,Unranked Gig,No Reviewed,5,Unleveled,False
I will do stock report analysis estimation cost risk assessment  financial analysis,Riley Smith,Unranked Gig,No Reviewed,28,Unleveled,False
I will create a python script to process excel or CSV files,Andrei D,Unranked Gig,No Reviewed,10,Unleveled,False
I will generate excel graphs charts pivot tables and dashboards,Raeesa Ashraf,Unranked Gig,No Reviewed,10,Unleveled,False
I will analyze raw data to exponentiate growth,Aryan K,Unranked Gig,No Reviewed,51,Unleveled,False
I will excel vba power bi sql automation analysis,Shailesh,Unranked Gig,No Reviewed,19,Unleveled,False
I will review analyze and generate reports for financial data,Mitchell Fisher,Unranked Gig,No Reviewed,47,Unleveled,False
I will analyze survey and research data for meaningful insights,Ernest O,Unranked Gig,No Reviewed,93,Unleveled,False
I will do regression and time series analysis,Johannes M.,5.0,35.0,463,Level 2,False
I will excel data cleaning and formatting data analysis and visualization combine PDF,Karanjot Singh,5.0,2.0,14,Level 1,False
I will be your excel and google sheets expert,Riab J,5.0,49.0,28,Level 2,False
I will do eda data cleansing and visualization using python,Shakeel,5.0,1.0,10,Level 1,False
I will do data analysis visualization and prediction in python,Muhammad Tayyab,Unranked Gig,No Reviewed,14,Unleveled,False
I will provide expert excel support for analysis and reporting,Eldad G,Unranked Gig,No Reviewed,24,Unleveled,False
I will analyze data with microsoft excel,Oyedele Akande,Unranked Gig,No Reviewed,93,Unleveled,False
I will perform professional statistical analysis and data insights,Adel O,Unranked Gig,No Reviewed,10,Unleveled,False
I will do econometrics and statistical analysis,Akinsika O,5.0,1.0,74,Level 1,False
I will build automated and insightful power bi report,Attaur R,4.9,6.0,28,Level 1,False
I will create custom power bi dashboard and deneb visuals,Ryan,4.9,7.0,47,Top Rated,True
