title,seller,rating,reviews,price,seller_level,video_consultation
I will provide expert solutions to python machine learning projects,Maaz,4.9,20.0,84,Level 2,False
"I will convert data science and machine learning research papers to code,Talal.t,5.0,1.0,""1,844"",Level 2,True"
I will provide machine learning dl nlp CV and information retrieval projects,Ali,4.7,15.0,84,Level 1,False
I will create a machine learning app using deepseek or openai gpt4o or o1 or claude,Ryan W,5.0,49.0,93,Fiverrâ€™s,True
I will create train and deploy machine learning models in aws or azure,Pawel Stasinski,4.7,1.0,278,Vetted Pro,False
I will do your machine learning tasks,Dawer R,5.0,5.0,84,Unleveled,False
I will build a prediction model,Gal O,4.9,50.0,185,Top Rated,True
I will do custom machine learning project with 2 days fast delivery,Chinmay D,5.0,73.0,463,Level 1,False
I will do data science or data analysis,Gal O,4.9,28.0,111,Top Rated,True
I will do machine learning and deep learning tasks with python,Ai Objectives,4.9,73.0,93,Level 2,True
I will do all data science projectsmsc engineerpythonknime,Galip,4.9,96.0,84,Level 2,False
I will do machine learning deep learning data science llm ai data analyst python,Saeed Ghani,5.0,3.0,84,Level 1,False
I will do deep learning machine learning data science in python,Design Mech,4.8,25.0,93,Level 2,False
I will data science and machine learning task,Zubair,5.0,1.0,84,Level 2,True
I will machine learning deep learning based projects,Taimour,5.0,4.0,84,Unleveled,False
I will do machine learning data science data analysis in python r excel,Shahid,5.0,6.0,93,Level 2,True
I will create machine learning and deep learning projects in python,Caleb H,5.0,10.0,84,Level 2,False
I will do machine learning and data science projects,Faraz,4.7,31.0,84,Level 2,True
I will do machine learning and data science projects in python,Sudais Alam,4.9,23.0,84,Level 2,False
I will write python scripts ml and ai tasks and projects for you,Ussama S.,5.0,17.0,139,Unleveled,False
I will do machine learning data science and deep learning projects for you,Hassansharif,4.9,71.0,84,Level 2,False
I will build a prediction model and machine learning projects with python,Engr Shahzad,5.0,1.0,232,Level 1,False
I will expert data scientist for ai and machine learning solutions,Ait Abderrahman,5.0,1.0,93,Level 1,False
I will build ai sports prediction and performance analytics models,Onesmus M,5.0,1.0,342,Level 1,False
I will develop machine learning projects,Feroz Khan,5.0,18.0,370,Level 1,False
I will machine learning deep learning computer vision and nlp tasks with python,Ishfaq Ahmad,4.8,4.0,84,Level 1,False
I will do machine learning classification projects with python,Syed M Ahmed,4.9,5.0,84,Unleveled,False
I will do ai nlp deep learning data science machine learning projects,Muneeb,4.9,10.0,84,Unleveled,False
I will do data science and machine learning projects in python,Asad Majeed,5.0,18.0,84,Level 1,False
I will develop a machine learning or ai based model,Zain M,5.0,7.0,84,Level 1,False
I will work on machine learning projects,Johannes M.,5.0,2.0,463,Vetted Pro,False
I will make accurate machine learning python projects,Ahmed Mahrous,4.8,16.0,84,Level 1,False
I will do python coding python task python scripting database programming,Muhammadkhizee,5.0,1.0,84,Level 1,False
I will build train and deploy python based machine learning models,Onesie O,Unranked Gig,No Reviewed,139,Level 1,False
I will do data science machine learning deep learning and computer vision tasks,Irfan Ali,4.6,5.0,88,Level 1,False
I will develop custom machine learning solutions,A. Moiz Khatri,5.0,3.0,93,Level 2,True
I will do artificial intelligence machine learning and nlp project,Shaiful,5.0,10.0,93,Top Rated,True
I will do machine learning deep learning projects in python,Hamza,5.0,14.0,84,Unleveled,False
I will develop machine learning and artificial intelligence project,Zubair,5.0,24.0,84,Level 2,True
I will design deep reinforcement learning algorithms,Umer Siddique,5.0,62.0,463,Top Rated,False
I will train machine learning and deep learning models in python,Abubakar,5.0,4.0,88,Level 1,False
I will provide data science and machine learning solutions,Owaglex,5.0,4.0,139,Level 1,False
I will do machine learning nlp and computer vision using python,Sarmad Usmani,5.0,1.0,93,Level 2,True
I will provide expert solutions to python machine learning projects,Maaz,4.9,20.0,84,Level 2,False
I will provide machine learning dl nlp CV and information retrieval projects,Ali,4.7,15.0,84,Level 1,False
I will create a machine learning app using deepseek or openai gpt4o or o1 or claude,Ryan W,5.0,49.0,93,Top Rated,True
"I will convert data science and machine learning research papers to code,Talal.t,5.0,1.0,""1,844"",Level 2,True"
I will do your machine learning tasks,Shikhar S,5.0,73.0,84,Unleveled,False
I will do ai and machine learning consultancy service,Ismail H.,5.0,7.0,93,Vetted Pro,False
I will do machine learning project in python best jupyter or colab,Hussam Ul Haq,5.0,12.0,232,Unleveled,False
I will do machine learning and artificial intelligence project,Zubair,Unranked Gig,No Reviewed,84,Level 2,True
I will do your machine learning and data science tasks,Shikhar S,5.0,3.0,84,Unleveled,False
I will do machine learning and artificial intelligence tasks,Zubair,Unranked Gig,No Reviewed,84,Level 2,True
I will implement machine learning and deep learning using python,Zeeshan Nawaz,5.0,1.0,84,Level 1,False
I will build professional data science and ml algorithms for you,Rajab Ali,5.0,6.0,93,Unleveled,False
I will do machine learning deep learning data science llm ai data analyst python,Saeed Ghani,5.0,3.0,84,Level 1,False
I will do deep learning machine learning data science in python,Design Mech,4.8,25.0,93,Level 2,False
I will do custom machine learning project with 2 days fast delivery,Chinmay D,5.0,73.0,463,Level 1,False
I will data science and machine learning task,Zubair,5.0,1.0,84,Level 2,True
I will do machine learning and artificial intelligence tasks,Zubair,5.0,5.0,84,Level 2,True
I will do expert python ml solutions data science deep learning and eda services,Abbas Shafi,Unranked Gig,No Reviewed,84,Unleveled,False
I will do machine or deep learning artificial intelligence ai data science in python,Muhammad,5.0,7.0,84,Level 1,False
I will create machine learning projects using python,Abdul Rehman,5.0,14.0,84,Unleveled,False
I will create machine learning models and also optimize them,Shary,5.0,5.0,84,Unleveled,False
I will build machine learning based android applications,Ismail H.,4.8,8.0,84,Level 2,False
I will develop data science and machine learning solutions,Bluelight Dcg,Unranked Gig,No Reviewed,84,Unleveled,False
I will do data analysis in python numpy  pandas and matplotlib,Abbas Shafi,5.0,3.0,84,Unleveled,False
I will do machine learning data science data analysis in python r excel,Shahid,5.0,6.0,93,Level 2,True
I will build a prediction model and machine learning projects with python,Engr Shahzad,5.0,1.0,232,Level 1,False
I will expert data scientist for ai and machine learning solutions,Ait Abderrahman,5.0,1.0,93,Level 1,False
I will develop custom machine learning solutions,A. Moiz Khatri,5.0,3.0,93,Level 2,True
I will do python data science and machine learning projects,P R,5.0,4.0,139,Level 2,True
I will do machine learning projects and prepare data,Mohamed,5.0,13.0,93,Unleveled,False
I will do artificial intelligence and machine learning,Zubair,Unranked Gig,No Reviewed,148,Level 2,True
I will build machine learning ai solutions deep learning models,Prabhath,4.8,2.0,84,Level 1,False
I will do machine learning natural language processing  using python,Subramanian T,4.9,9.0,139,Top Rated,True
I will code your finance data science machine learning project,Radoslav H,5.0,11.0,463,Vetted Pro,False
I will do machine learning and artificial intelligence tasks,Zubair,3.7,1.0,84,Level 2,True
I will do machine learning data analysis data visualization and reporting on ml,Cloudico,4.9,5.0,84,Level 2,True
I will do your machine learning data science projects with python,Muhammad Umair,Unranked Gig,No Reviewed,84,Level 2,True
I will do ai machine learning nlp and deep learning with python,Algorithm-guru,4.5,23.0,84,Level 2,True
I will do machine learning and data science projects,Prashal Ruchira,Unranked Gig,No Reviewed,84,Level 1,False
I will do data science ai ml projects,Chandimal Mpc,Unranked Gig,No Reviewed,84,Unleveled,False
I will ai ml and dl expert and transform your data into useful insights and models,Sarfaraz Khan,Unranked Gig,No Reviewed,93,Unleveled,False
I will complete python machine learning nlp and data analysis,Muhammad Hamza,5.0,10.0,93,Level 1,False
I will do data science machine learning deep learning and computer vision tasks,Irfan Ali,4.6,5.0,88,Level 1,False
I will do machine learning and data science projects in python,Sudais Alam,4.9,23.0,84,Level 2,False
I will build ai sports prediction and performance analytics models,Onesmus M,5.0,1.0,342,Level 1,False
I will provide expert solutions to python machine learning projects,Maaz,4.9,20.0,84,Level 2,False
I will provide machine learning dl nlp CV and information retrieval projects,Ali,4.7,15.0,84,Level 1,False
I will create a machine learning app using deepseek or openai gpt4o or o1 or claude,Ryan W,5.0,49.0,93,Top Rated,True
"I will convert data science and machine learning research papers to code,Talal.t,5.0,1.0,""1,844"",Level 2,True"
I will build a professional data science project,Muhammad Toqeer,5.0,11.0,139,Unleveled,False
I will build professional data science and machine learning models,Rukshan,Unranked Gig,No Reviewed,93,Unleveled,False
I will do custom realtime object detection and tracking,Project Solutio,5.0,5.0,93,Unleveled,False
I will do machine learning and data science projects,Kavinda Piyumal,Unranked Gig,No Reviewed,93,Unleveled,False
I will do machine learning deep learning data science python projects,Ai Solutions,5.0,29.0,93,Level 2,False
I will do ai machine learning deep learning gen ai projects in python,Aswin,5.0,8.0,93,Vetted Pro,True
I will develop a sports prediction model,Gal O,4.6,11.0,416,Top Rated,True
